n;time_avg;time1;time2;time3
600;0.013666667;0.021;0.01;0.01
1000;0.046333333;0.052;0.043;0.044
1400;0.117;0.118;0.118;0.115
1800;0.275666667;0.277;0.269;0.281
2200;0.608333333;0.604;0.594;0.627
2600;1.123;1.118;1.136;1.115
3000;1.866;1.872;1.856;1.87
4096;5.84;5.505;5.187;6.828
6144;25.50366667;24.099;26.205;26.207
8192;67.839;66.144;68.364;69.009
10240;143.5793333;144.435;142.358;143.945
