n;time_avg;time1;time2;time3
600;0.426333333;0.4;0.428;0.451
1000;1.143;1.152;1.14;1.137
1400;2.388;2.456;2.397;2.311
1800;5.118;4.849;4.816;5.689
2200;9.229666667;8.199;8.607;10.883
2600;14.22;12.785;14.917;14.958
3000;19.779;18.111;20.619;20.607
4096;40.86533333;37.883;42.187;42.526
6144;108.9843333;108.622;110.2;108.131
8192;220.097;219.975;218.173;222.143
10240;357.025;356.704;359.709;354.662
