n;time_avg;time1;time2;time3
600;0.078333333;0.082;0.069;0.084
1000;0.338;0.328;0.346;0.34
1400;1.316;1.39;1.343;1.215
1800;2.979666667;3.182;2.874;2.883
2200;6.596333333;6.488;6.909;6.392
2600;11.17066667;12.652;11.578;9.282
3000;18.294;19.097;18.643;17.142
4096;37.091;36.944;36.723;37.606
6144;158.8396667;158.058;158.028;160.433
8192;376.052;373.311;376.662;378.183
10240;616.2776667;602.587;609.582;636.664
